appointment_id,patient,prep_nurse,physician,start_time,end_time,examination_room
1,665-45-1846,128,94,10/25/2016,10/28/2016,R
2,234-02-3099,175,36,7/19/2005,7/27/2005,Q
3,211-96-0442,175,24,10/30/2019,11/5/2019,Q
4,221-17-5094,136,3,1/8/2012,1/13/2012,E
5,483-07-0218,3,71,8/2/2005,8/7/2005,I
6,350-26-0964,134,6,4/19/2001,4/27/2001,Z
7,291-20-5847,139,2,10/9/2003,10/12/2003,T
8,249-13-3350,188,41,9/16/2009,9/17/2009,S
9,726-27-6210,133,23,11/27/2003,11/30/2003,K
10,404-40-4275,98,74,10/7/2007,10/13/2007,G
11,271-18-5144,35,89,1/12/2000,1/19/2000,Y
12,790-55-8879,106,15,10/26/2009,10/30/2009,L
13,729-39-6570,52,94,6/21/2005,6/29/2005,X
14,668-51-2787,11,83,12/8/2006,12/11/2006,A
15,421-41-4464,111,96,4/10/2006,4/14/2006,S
16,183-88-3695,48,12,8/1/2011,8/5/2011,Q
17,635-07-6833,143,53,5/16/2005,5/20/2005,E
18,338-14-4894,18,3,10/14/1998,10/21/1998,M
19,614-55-4424,158,96,4/7/2002,4/15/2002,G
20,754-62-5809,100,41,11/23/2007,11/24/2007,Q
21,161-46-0294,64,47,6/8/2011,6/11/2011,X
22,612-48-3794,199,34,1/24/2014,1/25/2014,F
23,605-11-9856,171,88,8/21/2012,8/26/2012,L
24,155-82-9269,175,5,5/15/2011,5/20/2011,J
25,783-58-8049,195,19,9/6/2017,9/9/2017,K
26,210-65-4460,121,73,12/18/2009,12/25/2009,C
27,299-58-8863,79,18,3/24/2016,3/30/2016,G
28,281-96-6813,119,40,4/24/2013,4/25/2013,S
29,486-74-3399,52,43,4/12/2015,4/13/2015,A
30,202-15-4762,74,34,3/3/2012,3/7/2012,Z
31,284-42-8000,151,36,1/22/2006,1/30/2006,A
32,145-52-2937,168,98,6/25/2004,7/3/2004,L
33,516-25-4368,67,62,7/24/2006,7/27/2006,J
34,363-83-7603,191,17,11/26/2020,11/30/2020,R
35,353-31-0036,185,77,9/19/2010,9/27/2010,Y
36,107-98-8275,77,78,12/4/2018,12/5/2018,E
37,677-97-1523,91,32,9/30/2019,10/2/2019,K
38,835-07-1940,157,83,2/10/2003,2/15/2003,P
39,572-63-3085,198,19,1/14/2012,1/18/2012,H
40,411-16-6120,135,21,7/10/2016,7/18/2016,Z
41,547-14-7616,137,60,8/10/1998,8/16/1998,L
42,203-84-8576,90,93,11/15/2012,11/19/2012,T
43,683-89-1128,111,22,5/10/2021,5/13/2021,G
44,812-43-1389,27,96,8/17/2014,8/19/2014,W
45,611-54-8381,123,61,3/16/2014,3/19/2014,F
46,645-51-2415,147,68,9/3/2009,9/4/2009,L
47,887-23-7011,23,11,7/29/2007,8/6/2007,R
48,179-01-3010,107,74,11/27/2016,12/2/2016,U
49,301-06-4298,67,1,3/7/2003,3/9/2003,Y
50,388-78-2153,186,8,11/28/2015,12/4/2015,N
51,806-88-5996,152,72,8/7/2016,8/13/2016,W
52,453-50-1557,19,75,8/25/2005,8/30/2005,E
53,198-29-5818,52,1,1/4/2019,1/10/2019,I
54,533-88-9280,113,55,10/21/1998,10/24/1998,K
55,304-28-0932,131,95,2/21/2010,2/27/2010,H
56,893-35-6526,12,82,1/16/2019,1/19/2019,T
57,722-49-8680,100,39,11/13/2012,11/19/2012,G
58,663-58-3064,72,97,10/24/2009,11/1/2009,Q
59,200-01-6667,143,7,2/10/2003,2/16/2003,X
60,568-28-9045,91,31,12/26/2010,12/28/2010,I
61,566-24-2545,177,20,7/7/2019,7/15/2019,F
62,396-05-8173,75,51,4/2/1999,4/10/1999,Z
63,561-89-5366,6,85,11/30/2015,12/1/2015,X
64,250-97-2970,37,49,7/25/2002,7/29/2002,K
65,704-27-0956,183,58,12/4/2016,12/7/2016,M
66,376-44-0819,12,36,4/10/2007,4/15/2007,Q
67,213-63-5532,26,100,2/24/2015,2/25/2015,H
68,569-48-5837,131,27,9/1/2004,9/3/2004,Q
69,597-48-2305,79,95,2/14/1999,2/21/1999,F
70,615-33-3554,119,73,7/17/2000,7/23/2000,Z
71,109-65-1710,186,37,4/5/2010,4/9/2010,D
72,507-48-9468,175,72,2/18/1999,2/25/1999,E
73,379-73-6965,199,77,4/23/2001,5/1/2001,B
74,391-31-4683,127,21,9/4/2019,9/5/2019,W
75,461-79-5265,179,87,3/14/2016,3/20/2016,F
76,522-31-6038,36,68,4/5/2018,4/12/2018,R
77,738-57-6940,78,77,3/18/2013,3/25/2013,T
78,444-24-3183,30,46,4/9/2019,4/17/2019,R
79,578-67-1036,29,92,11/1/2014,11/5/2014,N
80,512-06-0301,60,50,5/15/2014,5/18/2014,O
81,409-27-4762,92,52,11/20/2014,11/28/2014,W
82,413-56-4162,15,34,1/17/2004,1/19/2004,V
83,707-91-8461,128,1,8/10/2018,8/14/2018,L
84,217-69-1209,99,6,3/9/2011,3/14/2011,Y
85,135-41-0659,20,24,12/20/2013,12/27/2013,A
86,275-94-4360,41,30,5/26/2003,6/1/2003,N
87,179-64-9751,174,2,12/10/1997,12/12/1997,A
88,467-43-8002,154,46,1/19/2006,1/20/2006,Q
89,243-91-7306,20,33,7/15/2004,7/19/2004,H
90,166-12-3910,137,51,4/12/1999,4/16/1999,H
91,153-69-6817,40,63,1/6/2000,1/7/2000,O
92,543-64-7762,76,85,8/8/2002,8/15/2002,Y
93,511-05-6443,159,13,6/28/2019,7/6/2019,V
94,834-94-7712,136,66,7/6/2008,7/11/2008,Z
95,279-14-7966,131,48,6/24/2014,7/2/2014,B
96,894-57-6474,2,70,10/3/2002,10/8/2002,P
97,802-66-9095,185,3,12/26/2014,12/31/2014,S
98,201-18-7127,184,55,11/14/2021,11/15/2021,g
99,377-18-2405,61,29,10/30/2002,11/3/2002,T
100,707-84-9295,11,20,4/9/1999,4/12/1999,D
101,219-45-1191,26,16,5/18/2010,5/20/2010,I
102,485-06-2669,65,94,2/15/2019,2/17/2019,H
103,352-53-5388,172,59,4/3/2003,4/10/2003,F
104,210-66-8866,124,85,5/14/2001,5/17/2001,L
105,452-96-3658,36,67,7/21/2001,7/22/2001,T
106,495-70-7486,116,79,3/27/2000,3/30/2000,H
107,578-25-6897,164,31,11/2/2020,11/5/2020,T
108,347-31-6000,24,98,1/26/2018,2/2/2018,N
109,378-60-2301,65,69,7/31/2001,8/3/2001,W
110,638-07-0950,96,34,11/10/1998,11/15/1998,A
111,819-03-9277,115,43,7/22/2015,7/28/2015,K
112,326-63-0249,200,62,2/4/2016,2/5/2016,L
113,852-35-1571,87,60,12/1/2003,12/4/2003,G
114,875-09-1450,113,80,8/29/2018,9/1/2018,O
115,313-56-2998,143,3,5/10/2010,5/17/2010,J
116,326-69-4480,106,27,6/5/2000,6/13/2000,B
117,704-64-1696,48,39,7/18/1999,7/22/1999,A
118,270-59-4878,157,90,2/23/2020,2/25/2020,O
119,667-65-9739,123,75,7/31/2018,8/8/2018,B
120,653-13-6209,180,50,3/9/2010,3/15/2010,Z
121,182-61-0843,197,89,6/27/2001,6/29/2001,F
122,868-06-3476,100,77,8/20/2019,8/22/2019,T
123,742-99-3214,158,20,2/23/2007,2/28/2007,Z
124,873-94-8728,195,4,12/25/2017,1/2/2018,S
125,298-23-7739,40,23,1/9/2000,1/11/2000,E
126,253-40-4800,199,97,1/4/2021,1/11/2021,B
127,482-38-0735,174,26,10/31/2015,11/7/2015,G
128,752-97-9672,30,36,4/19/2021,4/25/2021,A
129,503-51-4911,183,77,9/16/2012,9/24/2012,P
130,279-47-1825,38,79,3/7/2017,3/12/2017,A
131,515-91-6810,106,39,6/11/2007,6/16/2007,P
132,879-91-8782,23,51,6/4/2008,6/6/2008,L
133,577-49-3673,67,70,5/7/2000,5/15/2000,N
134,575-14-3728,31,59,3/12/2010,3/20/2010,K
135,641-51-1890,24,32,1/10/2014,1/13/2014,I
136,473-53-0195,185,4,1/10/2007,1/18/2007,g
137,561-41-8682,91,57,11/5/2009,11/10/2009,Y
138,518-98-4656,63,88,5/16/2000,5/22/2000,T
139,274-84-2960,153,7,1/8/2015,1/10/2015,J
140,500-67-3209,84,23,8/1/2018,8/2/2018,K
141,780-67-1215,132,93,1/22/1998,1/26/1998,K
142,683-66-0379,196,30,5/1/2019,5/2/2019,B
143,683-60-5570,151,31,8/2/2000,8/8/2000,X
144,505-56-3360,41,76,7/11/2001,7/15/2001,X
145,626-04-8030,153,75,1/10/2000,1/17/2000,Z
146,613-12-8760,194,30,10/7/2002,10/12/2002,C
147,100-02-8421,160,83,3/13/2002,3/18/2002,D
148,236-91-8312,191,25,9/26/2002,10/1/2002,W
149,785-25-8427,31,40,8/17/2007,8/24/2007,B
150,628-14-2977,58,79,9/27/2001,10/3/2001,Q
151,435-95-3439,15,78,7/13/2021,7/15/2021,R
152,366-94-3977,155,85,6/5/2009,6/12/2009,M
153,236-69-4020,116,57,7/16/2001,7/23/2001,W
154,136-41-5507,177,78,10/21/2015,10/26/2015,G
155,399-35-2118,65,25,3/24/2019,4/1/2019,P
156,558-07-2871,147,87,3/13/2020,3/18/2020,M
157,551-34-5087,17,35,8/11/2018,8/16/2018,B
158,567-20-0658,175,36,8/31/2001,9/4/2001,Z
159,323-81-3050,64,72,7/28/2008,8/1/2008,B
160,340-13-6121,152,73,4/28/2018,4/29/2018,G
161,676-73-4613,153,78,7/17/2002,7/24/2002,O
162,788-16-9577,28,5,7/17/2000,7/23/2000,I
163,110-28-3575,130,44,6/28/2014,7/1/2014,O
164,860-83-8404,153,42,11/4/2015,11/9/2015,I
165,555-98-0231,89,70,9/10/1999,9/12/1999,B
166,690-75-6196,94,7,1/15/2000,1/19/2000,M
167,121-19-1174,94,68,9/18/2020,9/25/2020,R
168,158-18-9400,7,84,2/8/2002,2/12/2002,S
169,618-52-7728,112,76,9/28/2015,10/4/2015,M
170,508-05-1248,138,76,8/31/2006,9/8/2006,B
171,531-20-8529,83,8,12/17/2017,12/19/2017,F
172,580-54-0029,162,49,5/16/2014,5/21/2014,P
173,343-19-0001,142,63,9/29/2001,10/3/2001,F
174,657-30-5371,140,57,11/5/2020,11/13/2020,C
175,398-91-9508,137,28,4/7/2021,4/12/2021,K
176,456-44-6934,132,61,8/19/2004,8/26/2004,V
177,454-39-0668,4,63,1/14/2012,1/19/2012,P
178,745-17-9823,186,9,1/26/2006,1/30/2006,D
179,140-38-0005,73,98,5/21/2014,5/27/2014,H
180,228-22-7352,34,56,7/9/2016,7/14/2016,D
181,254-61-3718,26,95,2/19/2001,2/24/2001,I
182,536-81-2337,75,68,7/12/2009,7/18/2009,Q
183,163-82-9537,13,76,12/26/2002,1/2/2003,Y
184,810-68-0178,185,17,9/29/2020,10/7/2020,R
185,445-13-5185,4,61,5/13/2021,5/20/2021,B
186,476-88-8988,187,26,1/12/2015,1/17/2015,U
187,348-97-5358,134,20,8/7/2001,8/11/2001,V
188,538-26-4262,63,85,1/30/2021,2/2/2021,R
189,395-57-7223,53,5,8/3/2001,8/6/2001,D
190,393-98-8553,79,89,8/1/2008,8/7/2008,B
191,772-31-0885,34,78,8/3/2003,8/11/2003,O
192,281-72-1815,122,70,8/8/1998,8/15/1998,K
193,406-70-0982,116,100,2/19/2012,2/25/2012,I
194,661-05-0483,31,66,7/20/2021,7/24/2021,R
195,554-28-2579,194,59,10/7/2020,10/13/2020,G
196,774-23-5641,58,36,10/8/2017,10/16/2017,T
197,587-09-1324,83,60,3/31/2008,4/3/2008,Y
198,643-46-4552,77,58,3/1/2007,3/7/2007,Q
199,847-06-9064,72,60,2/13/2005,2/18/2005,T
200,500-12-4326,144,72,10/11/2015,10/14/2015,I
201,596-48-0170,49,25,4/5/1998,4/9/1998,G
202,606-10-6807,182,67,9/13/2015,9/16/2015,M
203,727-14-8591,91,8,7/17/2014,7/18/2014,U
204,748-30-3353,3,33,7/2/1998,7/10/1998,O
205,283-64-1075,189,38,1/27/2011,1/29/2011,D
206,104-01-8835,144,23,7/31/2021,8/4/2021,H
207,510-49-0533,52,40,4/16/2019,4/22/2019,V
208,236-67-9127,42,87,9/4/2021,9/8/2021,R
209,218-69-6802,31,27,3/12/1999,3/20/1999,B
210,639-50-3918,39,100,8/24/2010,8/30/2010,C
211,728-91-4975,172,89,3/22/2007,3/29/2007,L
212,827-87-2539,116,97,3/26/2000,3/28/2000,X
213,410-26-2006,166,22,4/4/2019,4/11/2019,Y
214,806-19-0113,80,96,5/19/2011,5/27/2011,U
215,744-10-1287,5,75,6/30/2005,7/6/2005,A
216,733-80-0500,136,27,5/27/2006,5/31/2006,L
217,800-25-8471,151,72,8/14/2020,8/20/2020,A
218,764-15-5344,75,31,12/16/2003,12/17/2003,Q
219,430-39-0939,64,28,10/3/2000,10/4/2000,J
220,361-18-2372,104,76,10/28/2019,11/3/2019,E
221,319-33-4555,198,88,2/27/2020,2/29/2020,I
222,888-52-7112,138,49,5/22/2021,5/29/2021,M
223,374-54-2299,146,92,8/17/2012,8/22/2012,J
224,517-16-4008,178,86,2/16/2017,2/17/2017,B
225,452-57-6605,167,74,6/15/2004,6/18/2004,N
226,638-69-8503,46,100,4/28/2005,5/6/2005,R
227,702-58-7484,97,15,8/15/2009,8/17/2009,Y
228,735-91-2466,10,27,9/21/2005,9/29/2005,A
229,594-97-4089,149,27,2/3/2020,2/6/2020,F
230,414-72-8285,34,62,7/2/2004,7/10/2004,X
231,475-34-1279,57,59,9/22/2021,9/25/2021,H
232,518-22-9480,95,77,4/8/2011,4/11/2011,V
233,100-83-8473,59,95,8/23/1999,8/28/1999,X
234,648-27-5290,184,3,5/6/2007,5/9/2007,P
235,181-48-7598,137,86,11/10/2014,11/11/2014,S
236,204-51-2178,58,58,10/21/2011,10/23/2011,F
237,190-01-0077,32,43,4/14/2003,4/16/2003,S
238,677-63-3788,85,63,9/11/2009,9/19/2009,T
239,246-13-9080,196,25,5/3/2011,5/7/2011,U
240,688-67-3798,103,26,1/6/2010,1/12/2010,J
241,626-80-6600,96,3,11/30/2005,12/5/2005,O
242,803-78-6560,138,35,12/27/2015,1/1/2016,K
243,832-01-4729,65,35,5/9/2010,5/12/2010,G
244,480-75-8167,192,78,5/8/2015,5/9/2015,S
245,675-12-2670,147,1,8/24/2020,8/26/2020,P
246,598-92-9947,148,12,10/29/2004,11/2/2004,F
247,363-62-0055,62,54,9/23/2001,9/29/2001,Q
248,520-88-9937,178,64,12/23/2020,12/29/2020,K
249,520-87-8515,170,73,3/23/2001,3/28/2001,P
250,256-34-5590,81,10,9/16/2002,9/20/2002,E
251,354-70-5518,26,4,9/1/2019,9/4/2019,K
252,770-02-7118,84,45,5/4/2003,5/10/2003,A
253,857-41-4100,91,64,9/17/2015,9/24/2015,E
254,683-81-7023,103,21,11/22/2007,11/26/2007,W
255,665-96-2856,180,92,1/31/2001,2/6/2001,g
256,127-46-7874,112,91,11/26/1998,11/30/1998,P
257,740-26-0935,56,59,6/15/2011,6/16/2011,T
258,556-87-2838,65,93,10/17/2007,10/22/2007,J
259,684-95-1408,96,98,3/4/2009,3/6/2009,H
260,378-05-9917,169,99,7/3/2006,7/4/2006,P
261,786-99-5431,9,4,4/10/2017,4/13/2017,G
262,877-06-8036,33,36,8/6/2005,8/9/2005,K
263,293-04-2803,3,47,12/24/2003,12/26/2003,R
264,284-32-0592,85,30,8/8/2019,8/13/2019,H
265,846-09-1800,198,73,2/11/2020,2/15/2020,F
266,384-28-3938,121,94,8/7/2010,8/8/2010,D
267,878-20-5187,113,59,11/30/1997,12/8/1997,E
268,321-76-6170,58,65,8/18/2007,8/25/2007,U
269,808-29-7153,103,51,11/21/2001,11/24/2001,Z
270,289-76-1318,5,48,5/3/2003,5/7/2003,O
271,528-87-8068,86,88,10/13/2006,10/15/2006,F
272,752-79-0977,163,72,8/21/2005,8/24/2005,Q
273,335-69-9994,188,41,12/19/2007,12/24/2007,U
274,556-97-5823,165,69,2/2/2011,2/5/2011,I
275,220-78-9278,165,28,3/19/2009,3/21/2009,C
276,318-59-6932,182,4,11/8/2001,11/15/2001,B
277,477-78-1067,128,7,2/14/2008,2/19/2008,J
278,535-58-9745,5,67,8/20/2010,8/27/2010,U
279,679-26-3884,161,20,3/15/2014,3/22/2014,U
280,303-38-3463,1,25,4/9/2003,4/13/2003,B
281,819-76-9250,53,6,1/27/2003,1/29/2003,N
282,126-22-0866,161,11,12/2/1999,12/6/1999,V
283,583-56-1884,200,13,6/9/2016,6/12/2016,W
284,338-90-8782,35,25,9/14/2011,9/22/2011,L
285,651-56-4187,23,4,12/20/1998,12/25/1998,H
286,437-52-9526,116,48,8/16/2017,8/21/2017,C
287,553-88-6959,102,70,3/11/2008,3/16/2008,G
288,505-71-5603,126,60,2/6/2005,2/7/2005,K
289,820-69-6956,162,11,2/22/2014,2/26/2014,T
290,609-31-0008,172,45,7/31/2020,8/1/2020,g
291,504-36-4446,7,29,5/30/2001,6/3/2001,G
292,393-13-1155,160,20,6/15/2004,6/17/2004,C
293,860-34-9718,118,31,3/10/2006,3/13/2006,P
294,199-53-0968,158,94,10/3/2015,10/4/2015,V
295,394-28-3901,148,66,6/18/2015,6/25/2015,Z
296,895-66-8487,196,64,6/17/1998,6/21/1998,K
297,277-92-7343,169,55,5/23/2007,5/24/2007,G
298,444-97-0797,136,3,2/2/2017,2/3/2017,K
299,783-70-3100,87,11,4/1/2002,4/3/2002,J
300,112-16-1512,142,3,11/11/2013,11/17/2013,Y
301,640-69-0847,148,37,4/11/2010,4/17/2010,L
302,266-43-0263,40,56,10/25/2016,10/28/2016,E
303,871-52-0794,32,78,5/13/2006,5/17/2006,M
304,574-91-6186,15,70,6/28/2019,7/3/2019,U
305,661-15-3798,128,44,3/19/2017,3/27/2017,T
306,114-70-2802,147,78,7/14/1998,7/18/1998,H
307,788-34-8808,120,93,10/20/1998,10/22/1998,H
308,364-14-4177,127,73,11/5/2002,11/12/2002,C
309,333-25-3824,14,45,8/8/2021,8/16/2021,B
310,386-25-4320,169,50,1/1/2002,1/6/2002,S
311,639-83-5820,11,17,9/30/2008,10/6/2008,A
312,248-02-2795,128,54,7/22/2003,7/27/2003,R
313,479-74-6570,35,80,8/25/2004,8/27/2004,L
314,495-12-7358,44,4,3/12/2020,3/16/2020,M
315,700-30-0365,113,84,2/4/2007,2/7/2007,Q
316,230-34-4294,51,82,6/20/2008,6/23/2008,S
317,395-63-9768,145,93,10/24/2002,10/31/2002,D
318,277-48-8668,102,70,12/22/2017,12/29/2017,O
319,543-94-1218,176,29,4/3/2011,4/4/2011,C
320,230-77-7882,82,81,10/12/1998,10/18/1998,Q
321,845-78-5523,188,45,8/8/2018,8/12/2018,D
322,415-36-2271,164,62,10/11/2007,10/19/2007,N
323,795-98-8022,158,72,6/2/2012,6/5/2012,A
324,272-85-6707,21,87,7/19/2010,7/26/2010,D
325,776-31-7188,135,90,12/11/2012,12/17/2012,G
326,620-55-8922,21,92,7/1/2021,7/3/2021,J
327,515-97-8303,1,13,5/12/2007,5/19/2007,V
328,219-53-5828,9,11,10/20/1999,10/24/1999,U
329,506-71-9394,194,10,11/25/2010,12/3/2010,S
330,696-82-5541,118,30,4/8/2000,4/9/2000,Z
331,120-38-1785,128,35,7/19/2013,7/25/2013,I
332,112-55-1297,152,61,3/27/2018,3/29/2018,N
333,739-99-6339,111,90,4/26/2007,5/1/2007,B
334,899-04-4263,81,42,1/21/2004,1/27/2004,W
335,408-17-1689,175,6,2/22/1998,2/27/1998,H
336,705-38-8542,169,63,3/13/1999,3/21/1999,Y
337,128-42-4132,66,73,2/4/2007,2/6/2007,V
338,607-28-9838,44,28,2/14/2008,2/15/2008,E
339,738-47-8600,25,88,8/5/2001,8/8/2001,Y
340,809-47-4676,194,100,11/22/2011,11/23/2011,N
341,868-41-1051,2,79,4/13/2016,4/21/2016,M
342,710-58-0469,190,36,2/2/2013,2/5/2013,B
343,895-43-7667,22,91,6/8/2005,6/12/2005,A
344,193-75-5474,52,40,9/19/2008,9/22/2008,A
345,120-51-0651,77,40,8/13/2019,8/19/2019,I
346,834-82-7510,158,91,12/15/2015,12/22/2015,F
347,764-90-7624,92,84,9/13/2015,9/20/2015,R
348,610-84-7778,112,24,3/21/2020,3/29/2020,R
349,687-20-0160,33,30,2/17/2010,2/23/2010,R
350,569-40-0040,178,95,3/3/2020,3/10/2020,C
351,798-92-5146,139,37,4/2/2018,4/5/2018,U
352,758-61-5065,187,25,9/2/2000,9/9/2000,H
353,212-98-1426,80,48,11/4/2013,11/8/2013,J
354,560-17-4612,162,32,3/10/2012,3/11/2012,V
355,187-31-7915,100,95,3/19/2001,3/22/2001,D
356,714-92-2070,28,29,6/12/2015,6/16/2015,T
357,486-70-4749,122,8,5/18/2011,5/20/2011,U
358,799-79-0954,181,35,6/6/2017,6/10/2017,G
359,280-83-9977,73,41,2/3/1999,2/8/1999,L
360,396-20-3645,150,52,6/8/2012,6/13/2012,K
361,393-84-4731,94,30,12/31/2003,1/4/2004,K
362,482-86-4849,135,49,4/2/1999,4/5/1999,B
363,162-21-3882,121,19,11/23/1998,11/29/1998,Y
364,768-20-5669,48,52,7/31/2005,8/4/2005,V
365,538-80-4009,141,32,1/15/2000,1/18/2000,G
366,640-27-2002,82,30,10/2/2013,10/4/2013,Q
367,606-42-8387,137,27,10/1/2017,10/4/2017,A
368,369-86-3090,143,66,4/11/2021,4/18/2021,H
369,473-06-0166,166,82,10/13/2001,10/17/2001,H
370,888-81-3211,23,43,4/15/2013,4/18/2013,P
371,397-48-0756,4,49,11/27/2006,12/4/2006,L
372,582-56-2876,119,37,9/21/2019,9/24/2019,L
373,631-54-5151,74,73,1/7/2019,1/15/2019,U
374,771-69-0776,134,31,9/12/2005,9/18/2005,V
375,427-05-1534,20,66,6/4/2008,6/11/2008,D
376,423-86-3296,28,5,8/15/2014,8/17/2014,I
377,239-45-7534,141,42,8/20/2016,8/23/2016,A
378,495-60-8129,179,21,4/4/2013,4/12/2013,I
379,251-50-9461,184,65,4/26/2019,5/4/2019,Y
380,300-63-8232,107,94,1/20/1999,1/22/1999,Z
381,744-90-0019,44,76,5/28/2012,6/4/2012,W
382,786-28-5722,152,93,11/3/2017,11/8/2017,M
383,714-02-7396,59,78,10/6/2006,10/13/2006,N
384,121-14-0496,165,81,12/30/2014,1/6/2015,X
385,829-21-8933,81,90,6/15/2001,6/22/2001,g
386,267-14-4987,140,31,6/13/2021,6/17/2021,B
387,775-91-9031,51,96,2/11/2005,2/17/2005,H
388,553-83-6393,19,26,11/21/1999,11/29/1999,K
389,736-49-3332,36,8,7/7/2002,7/11/2002,G
390,161-74-6659,32,61,3/1/2002,3/3/2002,O
391,239-61-5987,31,72,3/31/2021,4/2/2021,B
392,118-65-2952,3,38,7/11/2009,7/16/2009,H
393,619-95-0355,136,75,12/17/2013,12/24/2013,H
394,454-39-6562,87,86,9/2/2002,9/4/2002,G
395,508-61-3847,177,67,6/10/2014,6/15/2014,U
396,188-38-3522,162,97,6/17/2015,6/23/2015,N
397,667-79-0078,144,38,4/8/2019,4/11/2019,O
398,878-74-6935,104,29,7/28/2009,8/2/2009,S
399,613-90-3138,183,6,5/20/2021,5/23/2021,V
400,414-62-5752,120,35,1/12/2002,1/15/2002,T
401,551-82-8808,173,56,4/23/2009,4/28/2009,Q
402,273-14-9234,91,75,12/26/2020,1/1/2021,R
403,520-99-9065,69,90,8/28/2017,9/2/2017,M
404,733-90-6191,25,6,4/30/2019,5/3/2019,T
405,471-74-1408,7,72,5/29/2016,5/31/2016,A
406,658-58-9612,121,27,3/24/2016,3/29/2016,L
407,565-21-1078,139,45,11/24/2009,11/30/2009,O
408,310-22-0622,168,92,11/22/2008,11/30/2008,F
409,763-95-0737,57,19,6/3/1999,6/11/1999,P
410,411-36-8384,196,78,3/3/2006,3/6/2006,N
411,466-89-5418,136,59,5/25/2004,5/29/2004,W
412,770-87-0214,112,21,5/23/2014,5/24/2014,R
413,565-10-0166,32,70,9/11/2008,9/13/2008,X
414,385-37-4947,91,76,11/15/2021,11/16/2021,H
415,199-29-8103,45,26,10/7/2006,10/10/2006,W
416,518-25-0034,57,21,1/19/1998,1/23/1998,E
417,560-95-3597,180,1,9/26/2002,10/4/2002,R
418,502-94-1470,66,83,8/28/2012,8/30/2012,S
419,317-09-0254,112,81,11/27/1998,12/5/1998,W
420,879-05-4701,189,59,5/9/2007,5/15/2007,Q
421,716-41-6232,149,94,3/20/2013,3/23/2013,F
422,500-32-9327,142,72,6/16/2016,6/17/2016,U
423,414-84-3654,99,74,10/30/2006,11/5/2006,F
424,793-72-7007,118,17,5/2/2013,5/3/2013,H
425,628-14-2347,75,94,7/16/2021,7/24/2021,Y
426,257-32-2074,159,88,7/6/2013,7/13/2013,F
427,596-07-8809,10,11,1/21/2021,1/29/2021,A
428,280-22-1687,180,31,2/4/1999,2/10/1999,E
429,470-71-0813,66,98,10/30/2004,11/2/2004,M
430,887-06-6051,168,23,9/1/2003,9/6/2003,M
431,444-03-0369,4,25,1/13/2015,1/15/2015,B
432,346-89-2994,120,70,5/14/2012,5/22/2012,P
433,514-33-1364,162,47,12/10/2017,12/17/2017,T
434,687-46-8390,180,27,8/1/2012,8/7/2012,O
435,206-62-2545,198,79,9/21/2009,9/29/2009,X
436,806-99-0545,192,21,11/28/2009,12/3/2009,Z
437,364-83-6180,66,9,10/6/2009,10/12/2009,G
438,386-06-9313,171,3,1/21/2002,1/25/2002,E
439,677-32-6642,96,62,3/8/2016,3/10/2016,Y
440,103-16-1964,162,38,12/5/2015,12/12/2015,D
441,261-11-5920,109,38,11/4/2012,11/6/2012,C
442,754-52-1507,21,38,6/7/2020,6/10/2020,W
443,766-45-6014,93,31,7/4/2020,7/7/2020,Q
444,320-33-2901,97,76,5/14/2003,5/16/2003,V
445,884-22-6123,183,53,7/4/2006,7/9/2006,O
446,475-60-3598,187,71,8/5/2021,8/11/2021,Y
447,661-43-2960,73,3,9/28/2017,10/1/2017,H
448,769-10-8772,31,91,9/4/2002,9/6/2002,U
449,683-11-1441,93,92,5/28/2007,5/31/2007,O
450,599-86-1914,91,79,6/3/2001,6/9/2001,C
451,258-87-2355,7,51,6/8/1998,6/11/1998,B
452,427-14-4226,128,49,10/5/2009,10/8/2009,R
453,850-41-9102,100,19,9/15/2012,9/21/2012,N
454,562-17-6252,69,62,3/18/2010,3/19/2010,J
455,170-80-4398,189,5,8/20/2011,8/24/2011,O
456,331-86-5584,30,47,5/30/2010,6/1/2010,Y
457,807-96-6268,62,9,6/28/1999,7/2/1999,O
458,215-22-4100,117,66,3/17/2001,3/20/2001,D
459,210-62-3908,113,49,8/6/2005,8/9/2005,U
460,606-70-0985,17,66,11/7/1999,11/9/1999,K
461,594-48-9239,161,7,2/14/2003,2/16/2003,X
462,101-34-6380,75,32,7/10/2012,7/15/2012,T
463,839-05-8759,199,33,6/4/2021,6/6/2021,I
464,222-66-5653,55,9,12/29/2005,12/30/2005,M
465,478-11-7933,140,58,5/4/2011,5/5/2011,H
466,349-47-6932,2,92,8/1/2011,8/5/2011,V
467,393-37-5881,62,99,3/7/2019,3/14/2019,T
468,832-33-2480,163,57,7/15/2014,7/22/2014,B
469,236-89-0898,136,67,5/27/2015,6/2/2015,V
470,451-96-0236,131,67,6/4/2012,6/8/2012,C
471,443-92-3566,9,32,7/9/2000,7/12/2000,E
472,872-79-4204,86,6,1/19/2000,1/27/2000,R
473,192-78-5701,100,84,1/28/2015,2/1/2015,E
474,876-66-7872,134,49,11/24/2000,11/30/2000,N
475,366-64-5717,107,13,5/23/2005,5/27/2005,X
476,636-24-7478,91,28,9/21/2020,9/25/2020,B
477,890-31-1399,75,7,10/27/2012,11/4/2012,J
478,479-59-6349,156,64,10/13/2004,10/18/2004,U
479,225-72-0476,147,100,7/28/2021,8/5/2021,R
480,651-22-7831,77,19,9/19/2012,9/21/2012,L
481,883-83-2677,187,1,10/26/2009,11/2/2009,Y
482,518-80-0970,125,19,12/23/2001,12/28/2001,M
483,470-26-0096,139,66,2/5/2013,2/12/2013,G
484,769-32-6981,59,59,11/10/2008,11/12/2008,T
485,461-39-8729,88,85,7/20/2017,7/28/2017,I
486,801-86-2021,89,53,6/15/1998,6/16/1998,S
487,312-66-3414,27,55,2/11/2000,2/17/2000,X
488,872-50-7685,16,52,10/31/2020,11/4/2020,U
489,489-41-1285,136,71,5/8/2012,5/13/2012,U
490,189-55-5437,148,67,6/23/2005,6/29/2005,B
491,535-39-9222,34,98,3/19/2015,3/20/2015,R
492,671-84-1242,162,76,4/9/2010,4/13/2010,R
493,112-17-5971,116,81,7/15/2011,7/17/2011,F
494,103-82-6341,59,58,9/2/2007,9/7/2007,M
495,248-01-3551,196,88,7/20/2006,7/27/2006,Y
496,523-38-2229,121,73,3/10/2017,3/16/2017,P
497,819-87-8812,90,84,7/22/1998,7/28/1998,D
498,239-12-1405,33,3,11/17/2007,11/24/2007,P
499,325-95-8565,185,53,8/14/2007,8/15/2007,W
500,195-42-0872,105,35,3/28/2012,3/30/2012,S
501,545-59-1281,178,55,12/18/2008,12/26/2008,O
502,525-91-5032,125,42,4/10/2005,4/13/2005,Q
503,330-99-8111,101,44,2/11/2002,2/12/2002,Y
504,413-18-7014,16,87,8/10/2019,8/17/2019,U
505,313-46-3659,90,87,5/9/2009,5/12/2009,A
506,368-29-3360,66,8,11/15/2007,11/16/2007,P
507,254-28-6417,3,17,12/9/2004,12/12/2004,Y
508,704-27-9497,136,61,2/10/2014,2/18/2014,F
509,676-51-6804,36,55,6/18/2019,6/23/2019,P
510,448-23-7954,34,72,8/31/2009,9/8/2009,Z
511,557-13-5418,106,85,9/8/2021,9/14/2021,I
512,161-64-4660,36,97,9/24/1998,9/30/1998,Z
513,296-24-2775,114,98,1/11/2016,1/16/2016,X
514,437-07-1323,36,78,6/12/1999,6/18/1999,S
515,659-89-0957,181,35,12/7/2014,12/11/2014,U
516,629-72-7485,11,73,3/10/2021,3/14/2021,E
517,597-42-5496,168,85,6/18/2020,6/24/2020,Z
518,529-74-6884,36,63,5/31/2003,6/6/2003,D
519,856-15-9835,19,84,5/4/2020,5/5/2020,O
520,261-20-4873,178,80,8/10/1998,8/15/1998,R
521,537-59-6562,94,49,12/3/1999,12/4/1999,S
522,764-71-3970,101,44,8/30/2019,9/1/2019,J
523,268-36-1553,40,93,11/8/2018,11/9/2018,X
524,639-69-6991,97,77,6/25/2011,6/26/2011,Q
525,823-51-3288,118,32,9/17/2019,9/22/2019,P
526,693-48-8160,47,73,3/4/2021,3/5/2021,X
527,416-11-2445,27,34,6/24/2006,6/26/2006,W
528,762-52-3072,103,50,8/14/1998,8/19/1998,G
529,582-77-4293,76,98,1/27/2000,2/2/2000,Z
530,207-45-9976,179,98,2/9/2001,2/10/2001,N
531,871-17-3951,186,28,7/7/1999,7/14/1999,H
532,851-30-7185,38,70,1/11/2005,1/18/2005,K
533,844-68-5106,50,44,9/27/2015,10/2/2015,A
534,280-13-5270,65,36,1/5/2002,1/13/2002,A
535,172-24-5299,66,64,10/29/2005,11/5/2005,Q
536,625-65-3437,37,70,8/30/2007,9/5/2007,W
537,391-91-7910,148,31,8/10/2001,8/18/2001,I
538,527-46-9848,109,83,10/22/2007,10/30/2007,O
539,720-12-7585,125,74,5/8/2013,5/15/2013,N
540,209-84-5629,151,12,1/11/2000,1/19/2000,H
541,460-40-9581,3,56,11/2/2020,11/7/2020,S
542,827-48-3136,101,27,12/17/2006,12/25/2006,J
543,650-37-0850,2,87,3/25/2007,3/29/2007,Q
544,226-71-2989,141,18,8/7/2018,8/9/2018,Z
545,354-07-5572,199,72,11/27/2018,12/2/2018,O
546,811-84-5998,25,83,5/3/2021,5/8/2021,B
547,364-50-8938,186,19,12/7/2019,12/12/2019,T
548,198-81-6667,153,70,11/19/2002,11/23/2002,Z
549,309-90-0624,193,13,3/25/2012,3/27/2012,E
550,796-70-8932,168,33,5/16/2010,5/21/2010,W
551,171-57-0120,163,7,10/6/1999,10/8/1999,I
552,324-73-1688,21,58,8/30/2017,9/7/2017,J
553,234-74-8673,56,60,10/21/2004,10/28/2004,P
554,477-33-8109,168,74,12/24/2004,12/28/2004,M
555,316-13-6095,33,45,11/6/2010,11/9/2010,A
556,333-37-2934,1,16,5/29/2012,5/30/2012,M
557,818-92-1197,127,23,3/22/1999,3/29/1999,B
558,257-75-1029,127,58,6/6/2018,6/8/2018,Q
559,497-94-5450,196,84,12/13/2019,12/21/2019,N
560,239-18-3663,75,100,8/11/1999,8/12/1999,B
561,165-04-5356,39,66,10/29/2003,11/2/2003,Q
562,847-83-3189,166,48,11/21/2005,11/27/2005,Y
563,652-93-8431,42,5,12/11/1999,12/15/1999,D
564,320-01-5739,155,79,1/22/2019,1/23/2019,V
565,530-10-5647,9,44,7/17/2020,7/18/2020,Z
566,154-14-1625,73,64,7/31/1998,8/1/1998,W
567,745-12-1807,9,2,10/14/2016,10/17/2016,S
568,545-24-6612,177,67,6/13/2013,6/18/2013,Q
569,281-99-0210,55,26,4/30/2014,5/1/2014,H
570,820-60-5295,49,21,10/9/2015,10/13/2015,B
571,197-17-9349,14,89,10/28/2015,10/29/2015,R
572,468-48-8278,173,86,9/4/2013,9/9/2013,R
573,282-75-8449,47,89,10/1/2000,10/7/2000,U
574,529-60-0970,160,81,11/19/2009,11/20/2009,Q
575,425-67-4082,162,70,7/14/2009,7/17/2009,N
576,152-96-0557,140,37,6/30/1999,7/5/1999,E
577,301-57-1845,127,23,7/6/2019,7/10/2019,X
578,102-10-8244,185,79,7/13/2008,7/21/2008,P
579,271-30-0488,117,27,5/24/2021,5/27/2021,Z
580,171-56-0600,148,58,3/31/2010,4/3/2010,G
581,701-25-0315,200,14,8/10/2002,8/15/2002,D
582,759-40-3494,54,23,10/16/2000,10/24/2000,P
583,889-21-9916,112,57,7/11/2019,7/16/2019,J
584,341-55-6931,28,33,6/5/2020,6/13/2020,H
585,205-88-5681,133,14,12/3/2005,12/8/2005,M
586,391-36-2238,118,6,4/10/2010,4/12/2010,F
587,315-75-6128,26,6,1/29/2019,2/4/2019,X
588,319-29-4993,197,84,10/21/2011,10/28/2011,E
589,891-64-3631,136,3,6/24/2014,6/30/2014,X
590,575-71-7633,89,64,3/10/2001,3/17/2001,S
591,487-35-8650,159,39,3/20/2005,3/22/2005,H
592,137-48-1338,141,30,1/15/2007,1/19/2007,K
593,621-11-7525,151,73,1/23/2011,1/30/2011,A
594,442-38-7825,129,84,1/9/2016,1/14/2016,N
595,861-34-1084,62,34,2/15/2005,2/16/2005,C
596,472-02-8506,156,43,7/25/2009,7/29/2009,H
597,446-64-0161,142,6,5/5/2005,5/7/2005,T
598,173-11-3791,37,11,9/21/2021,9/26/2021,E
599,280-59-6610,128,68,2/16/2004,2/17/2004,G
600,551-23-9089,184,33,12/24/1998,12/27/1998,H
601,681-59-7601,28,62,7/21/2007,7/24/2007,Y
602,354-34-4727,59,75,1/9/2013,1/13/2013,G
603,642-69-2689,199,28,10/25/2018,10/30/2018,S
604,276-74-4212,123,11,9/5/2019,9/8/2019,I
605,744-50-4151,78,16,3/24/2001,3/26/2001,Y
606,354-37-2606,23,28,8/27/1998,8/29/1998,M
607,752-77-4954,157,100,2/28/2007,3/2/2007,B
608,705-64-2921,87,42,4/3/1998,4/5/1998,P
609,417-82-0380,99,37,7/24/2010,7/26/2010,R
610,866-61-3614,104,30,8/8/2002,8/15/2002,A
611,668-33-3432,149,79,3/17/2011,3/22/2011,Z
612,366-94-3335,8,73,4/10/2014,4/16/2014,P
613,742-17-2717,141,58,8/14/2017,8/15/2017,L
614,619-25-4549,10,82,1/8/2018,1/14/2018,W
615,219-40-1399,97,61,10/27/1998,10/31/1998,H
616,777-18-8169,172,43,11/23/2011,11/30/2011,I
617,871-03-9339,142,43,3/6/2009,3/12/2009,T
618,492-30-2647,148,2,8/7/2000,8/8/2000,B
619,731-57-0019,79,61,10/3/2021,10/5/2021,Z
620,708-57-9830,193,80,6/21/2007,6/24/2007,C
621,408-79-7801,72,20,10/26/2013,11/1/2013,I
622,488-26-5370,87,84,3/21/1998,3/23/1998,Y
623,304-58-9527,36,20,4/4/2006,4/7/2006,U
624,661-51-4435,74,29,7/17/2021,7/18/2021,V
625,831-67-2835,130,39,7/9/2010,7/10/2010,Z
626,756-85-8523,100,45,10/13/2016,10/14/2016,T
627,185-81-0885,5,28,1/5/2021,1/9/2021,W
628,132-70-4434,67,80,2/24/2002,2/28/2002,U
629,602-73-4421,105,45,9/30/2007,10/1/2007,H
630,811-22-1375,86,80,3/24/2002,4/1/2002,P
631,385-77-9158,14,80,2/10/2020,2/11/2020,L
632,407-97-9152,182,31,7/17/1998,7/24/1998,A
633,161-46-7864,8,12,5/13/2018,5/17/2018,D
634,730-91-7354,2,89,4/25/2019,5/1/2019,g
635,455-18-4954,78,27,11/4/2019,11/7/2019,M
636,238-61-1402,13,80,10/9/2007,10/11/2007,N
637,183-77-1783,156,35,10/1/1998,10/2/1998,L
638,880-94-2299,96,52,7/26/2003,8/2/2003,J
639,606-69-6153,198,93,11/25/2006,11/29/2006,S
640,118-18-7466,33,90,1/29/1999,2/3/1999,A
641,348-52-2997,62,1,6/21/2017,6/23/2017,T
642,369-10-6476,96,18,8/5/2008,8/6/2008,O
643,711-74-7857,8,87,11/20/2002,11/27/2002,K
644,657-98-5147,155,20,7/31/2014,8/3/2014,G
645,300-17-1858,115,39,5/21/2004,5/24/2004,G
646,381-83-5288,107,93,3/24/2015,3/26/2015,P
647,346-98-4381,84,53,12/25/2008,12/28/2008,G
648,780-46-3476,78,14,8/21/2021,8/25/2021,V
649,753-32-3569,35,74,2/11/2005,2/19/2005,V
650,755-13-9481,101,63,4/12/2015,4/19/2015,L
651,572-54-5096,139,63,9/25/2007,9/26/2007,S
652,401-66-5244,85,40,10/23/1998,10/24/1998,I
653,127-18-0789,147,5,4/7/2017,4/14/2017,H
654,742-78-1071,27,36,8/13/2006,8/18/2006,I
655,319-84-4887,107,62,1/2/2004,1/10/2004,L
656,341-60-7823,54,18,11/17/2008,11/24/2008,Z
657,322-26-4241,198,17,4/17/2001,4/19/2001,O
658,132-32-3332,135,74,2/8/2003,2/16/2003,J
659,557-20-5767,153,14,11/20/2016,11/25/2016,U
660,177-12-8396,107,48,7/2/2013,7/8/2013,G
661,178-59-2781,154,28,4/10/2010,4/11/2010,N
662,123-46-5735,76,4,4/13/2008,4/21/2008,W
663,504-01-7248,194,38,7/5/2020,7/8/2020,P
664,801-31-5572,84,56,3/8/2016,3/11/2016,I
665,450-20-0438,54,33,6/9/2013,6/16/2013,V
666,315-83-0917,76,36,4/11/2005,4/13/2005,P
667,225-41-9318,50,95,9/21/2015,9/25/2015,V
668,823-76-8297,87,84,11/9/2010,11/13/2010,B
669,225-62-7278,69,68,9/15/2017,9/16/2017,Q
670,751-06-1342,25,88,9/17/2010,9/19/2010,N
671,480-06-1579,170,17,10/15/2021,10/20/2021,L
672,436-39-5437,19,2,3/7/2010,3/11/2010,V
673,244-78-4852,106,44,8/14/2013,8/19/2013,H
674,714-62-5349,78,19,5/1/2009,5/8/2009,B
675,219-41-5075,22,69,8/23/2014,8/28/2014,H
676,596-94-6937,189,62,12/2/2012,12/5/2012,H
677,288-31-8617,126,19,3/6/2019,3/12/2019,O
678,459-33-3456,57,70,4/26/2011,4/30/2011,J
679,252-34-5724,7,36,4/6/2019,4/13/2019,Y
680,688-83-9934,80,68,1/7/2012,1/9/2012,Z
681,464-04-9882,56,12,4/19/2021,4/26/2021,N
682,260-27-9452,84,80,8/22/2014,8/25/2014,U
683,125-66-3766,72,25,1/17/2021,1/20/2021,E
684,340-07-9858,151,85,5/31/2021,6/4/2021,O
685,863-97-1531,7,81,3/30/2009,4/2/2009,U
686,809-87-4414,101,34,3/5/2014,3/8/2014,K
687,834-11-3726,98,53,10/14/2000,10/16/2000,L
688,153-21-4952,95,85,8/20/2012,8/21/2012,Z
689,225-06-9109,108,28,7/26/1999,8/3/1999,D
690,618-35-7425,86,73,4/23/2018,5/1/2018,Z
691,700-46-6645,29,4,4/16/2009,4/17/2009,W
692,499-28-4571,183,38,10/11/2010,10/14/2010,N
693,330-27-9817,179,84,8/30/2007,9/7/2007,M
694,689-96-3224,60,96,4/16/2003,4/19/2003,X
695,293-55-6474,47,32,10/24/2006,10/27/2006,L
696,678-88-5088,13,62,9/28/1998,9/30/1998,A
697,805-18-0241,125,26,8/1/2020,8/8/2020,W
698,197-21-4632,115,38,6/10/2020,6/14/2020,T
699,250-14-6020,194,55,7/22/2013,7/27/2013,V
700,675-68-7376,64,5,5/28/1999,6/5/1999,R
701,798-51-8863,183,47,9/6/2006,9/8/2006,U
702,412-88-2523,166,77,1/13/1999,1/14/1999,Z
703,153-42-8438,63,94,10/8/2016,10/14/2016,P
704,165-26-2646,142,46,10/8/2020,10/9/2020,A
705,882-42-8387,133,88,6/3/2012,6/9/2012,U
706,339-94-8580,100,32,8/14/2005,8/22/2005,Y
707,215-01-8008,104,42,12/4/1998,12/7/1998,A
708,735-57-4658,76,27,11/7/2014,11/8/2014,G
709,639-42-7594,117,20,5/9/1999,5/13/1999,K
710,154-29-0627,81,53,7/5/2019,7/11/2019,V
711,739-35-1140,59,63,1/29/2014,1/31/2014,P
712,617-61-5646,115,17,9/24/2009,9/28/2009,H
713,770-57-4955,88,47,2/11/2013,2/13/2013,U
714,492-85-2637,122,1,8/18/2011,8/24/2011,B
715,382-66-5922,59,80,8/17/2008,8/22/2008,V
716,258-71-4405,171,83,2/21/1999,2/24/1999,A
717,130-44-6117,178,60,5/4/2012,5/10/2012,X
718,813-36-3949,111,89,1/10/2007,1/16/2007,J
719,523-15-5164,68,18,11/4/1998,11/6/1998,M
720,550-12-5084,42,23,11/13/2016,11/18/2016,T
721,312-64-5541,61,28,9/16/1999,9/24/1999,A
722,711-25-5754,182,31,9/24/2015,9/25/2015,W
723,532-35-3743,107,9,8/16/2012,8/22/2012,B
724,490-21-5851,72,77,9/12/2010,9/19/2010,Y
725,739-41-1456,20,86,3/24/2003,4/1/2003,H
726,670-79-5910,3,15,3/14/2018,3/19/2018,F
727,195-77-2863,95,7,1/26/2016,1/31/2016,L
728,574-95-5193,88,2,4/4/2021,4/9/2021,L
729,190-63-9200,21,15,8/8/2015,8/13/2015,I
730,658-47-7929,148,51,2/8/2002,2/10/2002,A
731,305-67-0623,59,98,1/11/2006,1/19/2006,E
732,674-18-5670,124,77,7/15/2013,7/21/2013,T
733,302-08-7113,96,35,10/15/1998,10/16/1998,F
734,269-50-7178,88,52,3/4/2018,3/6/2018,U
735,179-34-9952,3,34,6/16/2002,6/22/2002,X
736,236-20-7442,150,10,7/23/1999,7/31/1999,Y
737,549-89-5203,90,31,12/31/2007,1/2/2008,Y
738,522-79-4162,88,72,6/8/2002,6/15/2002,Y
739,656-08-8947,95,50,5/24/2001,5/26/2001,U
740,717-40-7939,60,64,12/15/2010,12/18/2010,X
741,110-78-4129,177,29,11/28/2018,12/6/2018,V
742,424-04-2731,89,53,12/31/2016,1/3/2017,N
743,162-99-1186,36,83,9/20/2013,9/23/2013,T
744,131-31-4433,76,98,11/28/2004,12/6/2004,B
745,503-24-5840,13,30,9/21/2007,9/26/2007,N
746,402-77-7311,177,25,5/2/1998,5/8/1998,K
747,630-96-3328,74,95,12/8/2000,12/12/2000,S
748,287-82-5946,125,80,2/9/2002,2/14/2002,D
749,483-10-9599,5,6,3/31/2014,4/2/2014,Z
750,226-42-2341,13,10,12/12/1998,12/13/1998,A
751,223-21-0899,48,73,10/15/2000,10/22/2000,K
752,735-82-3826,32,42,6/29/2005,7/6/2005,W
753,116-36-3248,66,19,8/26/2006,8/28/2006,W
754,279-08-2499,82,50,8/25/2000,8/30/2000,Z
755,539-73-8492,118,46,10/27/2004,10/29/2004,U
756,236-86-4724,94,62,9/2/2018,9/10/2018,L
757,150-57-0620,177,34,2/15/2014,2/20/2014,E
758,436-43-5154,194,66,6/20/2016,6/21/2016,Y
759,124-27-4746,173,69,9/23/2016,9/26/2016,G
760,798-87-3690,180,67,8/16/2016,8/18/2016,B
761,809-26-6184,6,15,12/4/2008,12/9/2008,L
762,163-68-3700,45,89,4/4/2021,4/5/2021,J
763,331-41-5158,8,42,10/28/2001,11/1/2001,S
764,869-10-4110,130,77,8/17/2006,8/19/2006,O
765,145-36-0622,24,50,9/15/2009,9/23/2009,K
766,134-03-8278,84,93,6/11/2004,6/17/2004,X
767,486-07-3554,66,15,5/1/2013,5/6/2013,S
768,200-87-8112,57,59,2/4/2021,2/9/2021,X
769,498-20-8859,46,21,7/18/2019,7/26/2019,J
770,206-19-4940,58,34,1/23/2001,1/27/2001,X
771,382-60-9432,5,79,11/19/2002,11/23/2002,P
772,888-94-2915,117,71,5/5/2006,5/7/2006,S
773,261-42-5061,161,33,4/10/2003,4/13/2003,J
774,676-96-1003,5,1,10/12/2019,10/13/2019,V
775,330-64-3938,47,99,10/27/2011,10/31/2011,H
776,319-79-7406,176,3,8/7/2006,8/8/2006,D
777,851-56-0504,185,76,12/4/2008,12/11/2008,F
778,673-58-1470,124,80,1/25/2014,1/31/2014,F
779,308-76-3298,85,3,1/27/2010,1/31/2010,L
780,133-25-1223,198,74,9/2/2002,9/8/2002,P
781,596-54-8960,51,63,4/2/2004,4/4/2004,K
782,638-69-8822,85,36,3/13/2013,3/17/2013,R
783,694-32-3804,44,95,3/25/2000,3/28/2000,g
784,244-98-6299,158,67,5/17/2006,5/25/2006,N
785,749-91-5543,67,69,7/13/2011,7/15/2011,L
786,408-19-5704,57,57,9/21/2015,9/26/2015,Q
787,322-38-2591,89,11,6/6/2019,6/8/2019,S
788,567-81-4380,91,96,5/1/2009,5/3/2009,V
789,556-85-8524,4,51,1/1/2015,1/5/2015,Y
790,326-88-2930,180,33,2/21/2006,2/22/2006,I
791,306-25-5216,149,5,1/28/2019,2/2/2019,U
792,621-90-6264,78,60,11/22/2018,11/26/2018,H
793,295-97-2128,177,32,6/23/2020,6/27/2020,D
794,482-90-6520,41,11,11/4/2008,11/8/2008,C
795,149-27-6956,74,7,9/14/2010,9/16/2010,L
796,488-52-5538,128,81,9/27/1998,10/2/1998,G
797,449-16-3990,113,70,1/31/2011,2/8/2011,E
798,537-91-3384,147,10,2/23/2004,2/26/2004,J
799,309-77-8675,61,77,3/9/2016,3/17/2016,L
800,689-21-6566,184,71,11/28/2004,12/5/2004,C
801,598-76-2134,189,12,12/28/1999,1/4/2000,V
802,742-52-4169,160,43,1/29/2020,1/31/2020,Y
803,436-53-6613,140,37,11/16/2001,11/18/2001,M
804,474-69-3882,11,100,12/24/2018,12/30/2018,E
805,351-86-9776,111,23,3/21/2011,3/23/2011,M
806,187-13-9630,181,89,3/27/2004,3/28/2004,I
807,555-55-1408,42,46,8/2/2003,8/4/2003,K
808,166-66-2897,11,29,12/25/2012,12/29/2012,M
809,310-75-9509,82,49,12/23/2013,12/26/2013,Y
810,123-83-0529,1,93,7/16/2004,7/17/2004,D
811,779-85-5230,189,10,3/28/2002,4/5/2002,D
812,607-70-4612,30,40,11/1/2012,11/8/2012,Z
813,155-20-4594,17,91,3/6/2016,3/11/2016,X
814,116-60-9580,39,66,8/25/2018,8/31/2018,P
815,478-34-5641,162,96,3/1/2011,3/7/2011,E
816,628-43-0079,86,98,2/13/2013,2/21/2013,Y
817,486-93-9695,60,77,9/2/2013,9/4/2013,G
818,822-80-8375,23,4,6/10/2007,6/17/2007,A
819,687-14-7533,4,46,5/23/2005,5/29/2005,K
820,314-97-5931,33,81,1/8/2021,1/13/2021,W
821,217-16-2543,61,71,1/29/2003,2/2/2003,Z
822,397-56-5782,22,46,8/30/1998,9/7/1998,Y
823,797-47-2882,67,88,4/26/2009,4/30/2009,F
824,590-93-7962,105,75,5/8/1999,5/14/1999,Z
825,694-97-8708,58,79,7/8/2018,7/16/2018,C
826,709-93-2762,189,85,7/8/2006,7/13/2006,L
827,167-50-6319,151,7,3/5/2010,3/12/2010,W
828,802-39-0191,116,24,9/7/2006,9/13/2006,U
829,102-09-3343,6,12,12/8/1997,12/13/1997,D
830,708-52-2945,61,4,4/2/2021,4/3/2021,L
831,380-24-4347,103,24,12/26/2001,1/2/2002,S
832,236-22-6286,8,3,6/5/2000,6/7/2000,B
833,224-89-4697,190,94,12/17/2019,12/19/2019,H
834,603-28-0561,76,85,1/23/2011,1/25/2011,g
835,336-07-1343,152,69,6/17/2005,6/20/2005,S
836,484-38-2833,134,99,1/8/2015,1/10/2015,V
837,645-10-2219,38,61,1/29/2009,2/3/2009,A
838,403-06-9974,6,96,7/8/2014,7/14/2014,S
839,503-57-4422,149,4,7/5/2015,7/8/2015,B
840,668-64-9628,93,34,4/15/2011,4/21/2011,F
841,373-50-1029,65,10,1/1/2001,1/3/2001,K
842,498-79-2897,120,20,11/4/1998,11/10/1998,O
843,178-10-4674,65,77,7/11/2018,7/13/2018,Z
844,199-13-1703,131,10,3/4/2006,3/8/2006,S
845,496-78-6444,108,16,10/16/2009,10/20/2009,J
846,856-38-4047,35,29,10/10/2005,10/12/2005,Y
847,462-38-2258,170,43,12/3/2018,12/8/2018,A
848,175-11-6511,88,5,1/25/2013,1/30/2013,A
849,138-95-3360,40,20,3/23/2005,3/25/2005,X
850,260-07-8361,185,89,3/10/2020,3/14/2020,B
851,268-47-8569,188,45,7/23/2002,7/31/2002,Z
852,753-24-1954,43,15,9/22/2000,9/28/2000,E
853,170-60-8590,196,36,2/25/2007,3/2/2007,V
854,593-28-3313,81,80,10/14/2007,10/16/2007,B
855,677-07-8216,180,30,5/15/1999,5/18/1999,O
856,892-87-9546,176,36,5/26/2012,5/27/2012,D
857,820-41-3530,12,89,11/3/2019,11/5/2019,M
858,150-25-5831,18,86,10/16/2000,10/20/2000,N
859,287-04-9426,124,56,3/20/2017,3/26/2017,Z
860,596-41-0484,154,38,10/17/2010,10/25/2010,U
861,275-99-0591,187,72,2/9/2004,2/15/2004,Q
862,607-33-0647,195,100,8/2/2004,8/6/2004,Y
863,512-66-9604,80,97,10/26/2007,10/28/2007,P
864,503-29-7051,128,63,8/21/2019,8/27/2019,G
865,745-40-5267,112,59,5/22/2008,5/29/2008,U
866,855-83-2732,164,47,1/12/2007,1/13/2007,J
867,482-26-9443,69,69,7/30/2007,8/3/2007,H
868,119-93-4835,153,70,9/2/2016,9/3/2016,V
869,420-44-8822,194,7,4/11/2002,4/16/2002,R
870,718-09-3565,199,73,3/29/2000,4/2/2000,K
871,502-64-1355,4,7,7/8/2019,7/14/2019,Z
872,187-88-5885,75,91,11/26/2012,11/28/2012,R
873,174-98-2757,186,77,4/15/1998,4/17/1998,Q
874,705-13-1332,162,33,6/24/2007,6/27/2007,S
875,886-97-4665,188,89,5/31/2013,6/8/2013,D
876,248-84-4883,17,30,12/4/2018,12/7/2018,S
877,499-94-5388,28,79,2/12/2001,2/15/2001,G
878,695-33-1256,39,36,3/4/2005,3/10/2005,W
879,877-56-7009,57,56,8/23/2005,8/26/2005,L
880,515-79-7788,114,4,9/4/2012,9/11/2012,W
881,806-66-7839,114,53,10/25/2013,10/26/2013,D
882,310-93-5608,66,26,1/17/2010,1/24/2010,C
883,806-19-9936,11,15,10/25/2018,11/2/2018,V
884,760-39-0297,53,87,6/24/2000,6/28/2000,A
885,832-61-2032,26,31,7/21/2013,7/29/2013,V
886,889-87-5633,143,77,12/12/2009,12/17/2009,S
887,649-61-5215,192,28,11/29/2011,12/7/2011,L
888,448-43-1669,86,31,6/14/2004,6/21/2004,F
889,104-13-8898,128,89,1/11/2009,1/12/2009,X
890,687-97-8899,97,86,1/19/2000,1/24/2000,N
891,755-53-8714,88,16,6/17/2003,6/18/2003,M
892,256-41-9692,45,46,12/21/2019,12/24/2019,K
893,429-35-0468,28,1,8/27/2018,9/3/2018,B
894,443-18-5565,126,27,1/6/2011,1/12/2011,g
895,755-04-5076,62,47,9/1/2009,9/3/2009,F
896,791-09-0233,162,78,2/2/1998,2/5/1998,O
897,457-06-4532,101,48,2/3/2000,2/6/2000,I
898,204-17-2929,166,48,9/12/2014,9/20/2014,M
899,737-52-6137,171,11,7/20/2015,7/26/2015,B
900,408-57-0894,77,79,9/28/2008,10/4/2008,D
901,270-96-9833,128,92,5/26/1999,5/27/1999,g
902,618-73-5603,180,5,3/2/2004,3/4/2004,A
903,751-42-3796,28,93,5/13/2021,5/16/2021,S
904,785-23-1931,85,14,8/25/2019,8/30/2019,B
905,692-22-9750,34,79,8/31/2018,9/4/2018,X
906,679-06-5879,191,86,11/1/2004,11/9/2004,P
907,556-43-0528,133,98,2/13/2014,2/19/2014,C
908,835-09-3311,114,10,6/24/2010,6/28/2010,L
909,314-56-9391,147,25,10/25/2021,10/29/2021,H
910,785-43-0973,104,96,4/24/2005,4/26/2005,V
911,129-87-7029,146,2,7/1/2011,7/4/2011,U
912,459-95-9629,149,29,6/3/2013,6/6/2013,O
913,223-29-2837,109,28,4/14/2014,4/22/2014,E
914,373-95-0339,52,7,7/1/2017,7/5/2017,Y
915,727-57-1919,146,95,3/11/2016,3/14/2016,Z
916,306-92-5681,26,5,4/2/2017,4/9/2017,Y
917,105-12-7321,33,67,7/3/1999,7/7/1999,N
918,297-19-4735,11,11,5/30/2021,6/4/2021,I
919,263-39-0197,50,60,10/29/1998,11/3/1998,T
920,339-41-0206,160,42,4/10/2016,4/17/2016,W
921,776-30-8109,87,16,12/3/2003,12/11/2003,E
922,861-65-0293,128,57,2/8/2019,2/15/2019,J
923,409-86-3229,184,41,11/8/2005,11/11/2005,E
924,495-79-4604,134,77,3/30/2007,4/1/2007,Q
925,534-86-8070,26,49,3/7/2020,3/8/2020,Q
926,707-88-5316,189,59,3/15/2020,3/22/2020,U
927,386-43-9204,50,96,1/24/2012,1/28/2012,U
928,218-49-4361,48,63,9/18/2011,9/22/2011,H
929,878-25-3102,166,53,11/15/2005,11/22/2005,I
930,617-18-2740,1,51,10/21/2014,10/29/2014,B
931,432-55-4860,17,12,9/22/1998,9/26/1998,E
932,546-58-3415,119,22,7/30/2005,8/3/2005,T
933,477-32-2207,56,39,12/23/2016,12/30/2016,E
934,311-94-2450,173,6,1/17/2008,1/22/2008,H
935,699-89-3379,18,94,12/13/2014,12/15/2014,Q
936,617-16-5374,88,2,9/14/2003,9/22/2003,V
937,421-33-7698,58,56,1/1/1999,1/3/1999,O
938,164-43-5806,158,75,10/21/2005,10/28/2005,T
939,721-60-7921,160,33,8/23/2006,8/31/2006,S
940,289-78-4238,91,34,2/2/2019,2/3/2019,Y
941,545-01-8900,48,47,8/21/2015,8/28/2015,T
942,467-70-5039,181,84,2/6/2010,2/10/2010,Q
943,816-94-3864,128,90,1/23/2006,1/30/2006,A
944,451-65-5881,186,1,8/6/2004,8/14/2004,Z
945,377-43-5549,153,65,4/15/2014,4/19/2014,D
946,159-69-5007,187,78,10/25/2008,10/29/2008,G
947,493-57-7041,136,34,7/2/2020,7/9/2020,Q
948,702-28-6015,85,71,10/31/2001,11/2/2001,C
949,623-19-3152,194,53,4/8/2015,4/12/2015,H
950,556-60-5405,81,40,9/25/2013,9/26/2013,M
951,660-72-3454,150,26,4/7/2013,4/12/2013,E
952,287-11-2693,48,47,4/8/2006,4/13/2006,M
953,420-40-0190,164,15,4/21/1998,4/27/1998,H
954,544-04-4988,27,16,2/12/2018,2/17/2018,K
955,126-83-9541,84,56,12/14/2013,12/21/2013,X
956,221-84-2855,112,23,12/20/1997,12/27/1997,T
957,225-76-6305,138,10,9/19/2007,9/20/2007,U
958,501-87-9127,125,26,7/18/2009,7/22/2009,I
959,859-82-7248,158,5,9/2/2016,9/4/2016,N
960,162-22-6158,118,61,4/11/1999,4/12/1999,V
961,513-72-4772,69,61,7/6/1999,7/13/1999,X
962,760-29-7067,148,96,10/31/2007,11/6/2007,N
963,171-16-9897,140,41,3/8/2004,3/15/2004,Y
964,542-32-1875,123,98,4/12/2004,4/15/2004,L
965,456-56-3812,164,3,11/13/2007,11/15/2007,Y
966,651-25-7990,5,58,2/28/1999,3/7/1999,U
967,155-40-7234,157,71,4/10/2007,4/17/2007,T
968,474-78-8536,152,50,2/3/2019,2/6/2019,N
969,482-08-5595,25,94,3/5/2011,3/10/2011,F
970,327-44-8312,77,32,9/16/2010,9/17/2010,M
971,498-66-8802,197,69,4/5/1999,4/10/1999,Q
972,579-06-4268,122,32,2/28/2017,3/4/2017,U
973,664-06-8692,181,60,8/8/2016,8/12/2016,J
974,500-84-0820,73,71,4/23/2010,4/25/2010,Z
975,290-93-2741,18,23,8/24/2018,9/1/2018,J
976,888-72-5570,179,30,6/17/1998,6/19/1998,E
977,730-67-6237,99,89,1/27/2009,2/2/2009,G
978,517-90-1570,151,37,9/24/2015,9/29/2015,R
979,431-42-8640,187,38,6/7/2008,6/10/2008,F
980,587-07-4206,120,64,1/6/2010,1/14/2010,R
981,759-11-3665,21,15,8/6/1998,8/14/1998,T
982,745-92-3426,48,27,7/27/2004,7/29/2004,U
983,720-95-5300,3,2,9/19/2009,9/24/2009,H
984,886-42-5159,191,64,6/26/2017,7/4/2017,X
985,202-64-3999,124,48,7/4/2008,7/12/2008,R
986,668-73-1191,8,22,1/15/2013,1/21/2013,Q
987,452-70-1330,69,65,1/1/2002,1/2/2002,P
988,599-47-0292,185,4,1/5/2007,1/10/2007,H
989,594-15-5497,114,33,12/8/2016,12/15/2016,I
990,259-27-9853,47,32,12/10/2006,12/12/2006,A
991,799-98-3060,152,37,5/26/2015,6/1/2015,J
992,367-39-8567,125,55,7/20/2013,7/25/2013,B
993,154-28-5398,3,84,2/11/2013,2/19/2013,H
994,135-74-8334,192,81,5/4/2003,5/8/2003,O
995,414-03-8620,69,13,8/31/2017,9/4/2017,B
996,422-74-7685,39,16,3/5/2021,3/13/2021,F
997,596-67-0694,93,98,12/5/2020,12/12/2020,G
998,533-82-0051,32,33,6/14/2009,6/22/2009,E
999,505-58-8306,135,42,5/16/2001,5/19/2001,N
1000,173-70-9342,133,51,11/2/2011,11/3/2011,R
